[
    {
        "id":"1",
        "name":"iphone pro 11",
        "price":"90000",
        "quantity":"10",
        "category":"Mobile",
        "imageUrl":"./assets/iphone.jpg",
        "description":"Very Good mobile"
    },
    {
        "id":"2",
        "name":"Redmi note 7",
        "price":"18000",
        "quantity":"50",
        "category":"Mobile",
        "imageUrl":"./assets/Redmi.jpg",
        "description":"Low Cost"
    },
    {
        "id":"3",
        "name":"Samsung j6",
        "price":"20000",
        "quantity":"20",
        "category":"Mobile",
        "imageUrl":"./assets/Samsung.jpg",
        "description":"Durability"
    }
]